"61372,70542",PM/EM/001,TITLE,PM Bascharage [Administration de l'Environnement]
"88797,100342",PM/EM/002,TITLE,PM Beaufort Parking [Administration de l'Environnement]
"59483,88478",PM/EM/003,TITLE,PM Beckerich Centre culturel [Administration de l'Environnement]
"96155,88919",PM/EM/004,TITLE,PM Berbuerg [Administration de l'Environnement]
"77264,67190",PM/EM/005,TITLE,PM Berchem [Administration de l'Environnement]
"77059,79487",PM/EM/006,TITLE,PM Bereldange Cactus [Administration de l'Environnement]
"72059,76217",PM/EM/007,TITLE,PM Strassen Follereau [Administration de l'Environnement]
"71478,75174",PM/EM/008,TITLE,PM Bertrange école [Administration de l'Environnement]
"68203,73635",PM/EM/009,TITLE,PM Bertrange Bouferterhaff [Administration de l'Environnement]
"73084,74534",PM/EM/010,TITLE,PM parc Bertrange [Administration de l'Environnement]
"71138,76441",PM/EM/011,TITLE,PM Bertrange Ormilles [Administration de l'Environnement]
"72710,94845",PM/EM/012,TITLE,PM Bissen Parking [Administration de l'Environnement]
"73019,94144",PM/EM/013,TITLE,PM Bissen Roost [Administration de l'Environnement]
"69236,93065",PM/EM/014,TITLE,PM Boevange/Attert Letschert [Administration de l'Environnement]
"105116,91896",PM/EM/015,TITLE,PM Born/Sure [Administration de l'Environnement]
"77939,108559",PM/EM/016,TITLE,PM Brandenbourg [Administration de l'Environnement]
"74968,79098",PM/EM/017,TITLE,PM Biergerkraeiz [Administration de l'Environnement]
"91135,61284",PM/EM/018,TITLE,PM Burmerange parking [Administration de l'Environnement]
"59266,73571",PM/EM/019,TITLE,PM Clemency [Administration de l'Environnement]
"55167,91876",PM/EM/020,TITLE,PM Colpach [Administration de l'Environnement]
"92348,93900",PM/EM/021,TITLE,PM Consdorf parking [Administration de l'Environnement]
"84288,72292",PM/EM/022,TITLE,PM Contern place mairie [Administration de l'Environnement]
"77364,96251",PM/EM/023,TITLE,PM Cruchten [Administration de l'Environnement]
"63452,94555",PM/EM/024,TITLE,PM Platen um Steen [Administration de l'Environnement]
"63945,73860",PM/EM/025,TITLE,PM Dahlem parking école [Administration de l'Environnement]
"86403,67571",PM/EM/026,TITLE,PM Dalheim centre [Administration de l'Environnement]
"59572,120165",PM/EM/027,TITLE,PM Derenbach CR329 [Administration de l'Environnement]
"79300,103479",PM/EM/028,TITLE,PM Diekirch mairie [Administration de l'Environnement]
"79230,103764",PM/EM/029,TITLE,PM Diekirch Aveugle [Administration de l'Environnement]
"59844,65540",PM/EM/030,TITLE,PM Differdange parc [Administration de l'Environnement]
"61200,64997",PM/EM/031,TITLE,PM Differdange Fousbann [Administration de l'Environnement]
"60557,64412",PM/EM/032,TITLE,PM Differdange Rattem [Administration de l'Environnement]
"66192,72222",PM/EM/033,TITLE,PM Dippach [Administration de l'Environnement]
"56740,115694",PM/EM/034,TITLE,PM Doncols Bohey [Administration de l'Environnement]
"70005,84044",PM/EM/035,TITLE,PM Dondelange [Administration de l'Environnement]
"69127,85168",PM/EM/036,TITLE,PM Bour [Administration de l'Environnement]
"74204,60975",PM/EM/037,TITLE,PM Dudelange Centre [Administration de l'Environnement]
"73947,60428",PM/EM/038,TITLE,PM Dudelange Hotel de ville [Administration de l'Environnement]
"74126,59559",PM/EM/039,TITLE,PM Dudelange hopital [Administration de l'Environnement]
"73496,61002",PM/EM/040,TITLE,PM Dudelange rue Kayl/vallée [Administration de l'Environnement]
"97536,97533",PM/EM/041,TITLE,PM Echternach Trooskneppchen [Administration de l'Environnement]
"95761,74180",PM/EM/042,TITLE,PM Ehnen [Administration de l'Environnement]
"74961,101844",PM/EM/043,TITLE,PM Ettelbruck Salentiny [Administration de l'Environnement]
"90519,63911",PM/EM/044,TITLE,PM Elvange (Mondorf) [Administration de l'Environnement]
"76070,103092",PM/EM/045,TITLE,PM Erpeldange école [Administration de l'Environnement]
"66124,62002",PM/EM/046,TITLE,PM Esch/Alzette place résistance [Administration de l'Environnement]
"66296,63544",PM/EM/047,TITLE,PM Esch/Alzette Nonnewisen [Administration de l'Environnement]
"65527,63911",PM/EM/048,TITLE,PM Esch/Alzette Kieffer [Administration de l'Environnement]
"66111,61177",PM/EM/049,TITLE,PM Esch/Alzette rue des sports [Administration de l'Environnement]
"66683,62706",PM/EM/050,TITLE,PM Esch/Alzette Lycee des garçons [Administration de l'Environnement]
"64118,62850",PM/EM/051,TITLE,PM Esch/Alzette Rock'n Roll [Administration de l'Environnement]
"75037,101269",PM/EM/052,TITLE,PM Ettelbruck due du Canal [Administration de l'Environnement]
"71318,102030",PM/EM/053,TITLE,PM Niederfeulen [Administration de l'Environnement]
"92886,80882",PM/EM/054,TITLE,PM Flaxweiler [Administration de l'Environnement]
"68655,65504",PM/EM/055,TITLE,PM Foetz [Administration de l'Environnement]
"78411,63600",PM/EM/056,TITLE,PM Hellange [Administration de l'Environnement]
"64003,75728",PM/EM/057,TITLE,PM Garnich [Administration de l'Environnement]
"81762,103714",PM/EM/058,TITLE,PM Gilsdorf [Administration de l'Environnement]
"85046,84073",PM/EM/059,TITLE,PM Gonderange [Administration de l'Environnement]
"99937,83203",PM/EM/060,TITLE,PM Grevenmacher [Administration de l'Environnement]
"64810,99597",PM/EM/061,TITLE,PM Grosbous [Administration de l'Environnement]
"88144,98395",PM/EM/062,TITLE,PM Haller [Administration de l'Environnement]
"60539,123463",PM/EM/063,TITLE,PM Hamiville [Administration de l'Environnement]
"61783,85223",PM/EM/064,TITLE,PM Kreuzerdruch [Administration de l'Environnement]
"66866,75850",PM/EM/065,TITLE,PM Holzem [Administration de l'Environnement]
"69215,136540",PM/EM/066,TITLE,PM Huldange [Administration de l'Environnement]
"59375,107378",PM/EM/067,TITLE,PM Insenborn [Administration de l'Environnement]
"80119,72530",PM/EM/068,TITLE,PM Itzig Centre [Administration de l'Environnement]
"85917,85880",PM/EM/069,TITLE,PM Junglinster rue Thewes [Administration de l'Environnement]
"86684,86724",PM/EM/070,TITLE,PM Junglinster an der Dellt [Administration de l'Environnement]
"71162,60956",PM/EM/071,TITLE,PM Kayl Kahleberg [Administration de l'Environnement]
"61410,79352",PM/EM/072,TITLE,PM Kleinbettingen [Administration de l'Environnement]
"65406,119954",PM/EM/073,TITLE,PM Knaphoscheid [Administration de l'Environnement]
"56131,65837",PM/EM/074,TITLE,PM Lasauvage Musée [Administration de l'Environnement]
"66185,126164",PM/EM/075,TITLE,PM Lentzweiler [Administration de l'Environnement]
"72167,70309",PM/EM/076,TITLE,PM Leudelange rue Eich [Administration de l'Environnement]
"66792,69459",PM/EM/077,TITLE,PM Limpach [Administration de l'Environnement]
"77019,87457",PM/EM/078,TITLE,PM Lintgen école [Administration de l'Environnement]
"74603,109825",PM/EM/079,TITLE,PM Lipperscheid [Administration de l'Environnement]
"78401,73506",PM/EM/080,TITLE,PM Luxembourg Demy Schlechter école [Administration de l'Environnement]
"77647,74879",PM/EM/081,TITLE,PM Luxembourg Münster [Administration de l'Environnement]
"75683,76447",PM/EM/082,TITLE,PM Luembourg Tony Neuman [Administration de l'Environnement]
"78061,74215",PM/EM/083,TITLE,PM Luxembourg Pierre Hentges [Administration de l'Environnement]
"77682,74510",PM/EM/084,TITLE,PM Luxembourg Avranches [Administration de l'Environnement]
"80007,77014",PM/EM/085,TITLE,PM Luxembourg Louise Michel [Administration de l'Environnement]
"75472,72964",PM/EM/086,TITLE,PM Luxembourg Cessange [Administration de l'Environnement]
"76167,72106",PM/EM/087,TITLE,PM Luxembourg Guillaume Kroll [Administration de l'Environnement]
"76252,71879",PM/EM/088,TITLE,PM Luxembourg Henri Schnadt [Administration de l'Environnement]
"77906,77860",PM/EM/089,TITLE,PM Luxembourg Mongenast Servais [Administration de l'Environnement]
"77118,75663",PM/EM/090,TITLE,PM Luxembourg Pescatore [Administration de l'Environnement]
"77486,73901",PM/EM/091,TITLE,PM Luxembourg Gare Centrale [Administration de l'Environnement]
"76636,75748",PM/EM/092,TITLE,PM Luxembourg Faiencerie [Administration de l'Environnement]
"77352,75256",PM/EM/093,TITLE,PM Luxembourg Grand Rue [Administration de l'Environnement]
"79673,75858",PM/EM/094,TITLE,PM Luxembourg Kauffman école [Administration de l'Environnement]
"76084,74073",PM/EM/095,TITLE,PM Luxembourg Pierre Dupont [Administration de l'Environnement]
"76835,73638",PM/EM/096,TITLE,PM Luxembourg Acierie [Administration de l'Environnement]
"78012,72208",PM/EM/097,TITLE,PM Howald école [Administration de l'Environnement]
"80164,77507",PM/EM/098,TITLE,PM Luxembourg Weicker [Administration de l'Environnement]
"79857,77585",PM/EM/099,TITLE,PM Luxembourg Konrad Adenauer [Administration de l'Environnement]
"74681,74213",PM/EM/100,TITLE,PM Luxembourg rue de Merl [Administration de l'Environnement]
"78220,76071",PM/EM/101,TITLE,PM Luxembourg place de l'Europe [Administration de l'Environnement]
"77341,74341",PM/EM/102,TITLE,PM Luxembourg Place de Paris [Administration de l'Environnement]
"77175,74518",PM/EM/103,TITLE,PM Luxembourg Rousegaertchen [Administration de l'Environnement]
"76976,76610",PM/EM/104,TITLE,PM Luxembourg Wilmard [Administration de l'Environnement]
"78177,75531",PM/EM/105,TITLE,PM Luxembourg Cunégonde [Administration de l'Environnement]
"77800,76598",PM/EM/106,TITLE,PM Luxembourg Francois Baclesse [Administration de l'Environnement]
"67077,78896",PM/EM/107,TITLE,PM Mamer Risch [Administration de l'Environnement]
"69575,76823",PM/EM/108,TITLE,PM Mamer centre mairie [Administration de l'Environnement]
"98457,85724",PM/EM/109,TITLE,PM Manternach centre [Administration de l'Environnement]
"76338,90559",PM/EM/110,TITLE,PM Mersch Lohrbierg [Administration de l'Environnement]
"75277,90459",PM/EM/111,TITLE,PM Mersch Square Princesse Marie-Astrid [Administration de l'Environnement]
"68211,99841",PM/EM/112,TITLE,PM Mertzig Pompjeesbau [Administration de l'Environnement]
"84955,103679",PM/EM/113,TITLE,PM Moesdorf [Administration de l'Environnement]
"88161,63228",PM/EM/114,TITLE,PM Mondorf Parking [Administration de l'Environnement]
"84635,78191",PM/EM/115,TITLE,PM Senningen Rond point cargocenter Luxair [Administration de l'Environnement]
"87410,78811",PM/EM/116,TITLE,PM Munsbach Lipmann [Administration de l'Environnement]
"56511,119557",PM/EM/117,TITLE,PM Niederwampach [Administration de l'Environnement]
"68682,82021",PM/EM/118,TITLE,PM Nospelt Centre [Administration de l'Environnement]
"56393,88504",PM/EM/119,TITLE,PM Oberpallen [Administration de l'Environnement]
"58949,69141",PM/EM/120,TITLE,PM Pétange Centre mairie [Administration de l'Environnement]
"57582,69164",PM/EM/121,TITLE,PM Pétange stade [Administration de l'Environnement]
"63501,96751",PM/EM/122,TITLE,PM Pratz [Administration de l'Environnement]
"59627,101918",PM/EM/123,TITLE,PM Heispelt [Administration de l'Environnement]
"62622,93212",PM/EM/124,TITLE,PM Reichlange [Administration de l'Environnement]
"64659,95959",PM/EM/125,TITLE,PM Reimberg [Administration de l'Environnement]
"86955,103622",PM/EM/126,TITLE,PM Reisdorf Centre [Administration de l'Environnement]
"93240,61556",PM/EM/127,TITLE,PM Remerchen [Administration de l'Environnement]
"94482,67804",PM/EM/128,TITLE,PM Remich Enz parking [Administration de l'Environnement]
"95117,68845",PM/EM/129,TITLE,PM Remich rue des bois [Administration de l'Environnement]
"56439,67372",PM/EM/130,TITLE,PM Rodange Amalbergue [Administration de l'Environnement]
"88742,83596",PM/EM/131,TITLE,PM Rodenbourg [Administration de l'Environnement]
"73674,124419",PM/EM/132,TITLE,PM Roder [Administration de l'Environnement]
"70018,58465",PM/EM/133,TITLE,PM Rumelange Centre [Administration de l'Environnement]
"66883,88010",PM/EM/134,TITLE,PM Saeul [Administration de l'Environnement]
"83540,75673",PM/EM/135,TITLE,PM Sandweiler Centre [Administration de l'Environnement]
"62667,68502",PM/EM/136,TITLE,PM Sanem Centre [Administration de l'Environnement]
"68431,63130",PM/EM/137,TITLE,PM Schiflange rue de la forêt [Administration de l'Environnement]
"68864,63430",PM/EM/138,TITLE,PM Schifflange Kiosque [Administration de l'Environnement]
"74405,87087",PM/EM/139,TITLE,PM Schoenfels [Administration de l'Environnement]
"64855,71907",PM/EM/140,TITLE,PM Schuweiler église [Administration de l'Environnement]
"84415,79769",PM/EM/309,TITLE,PM Senningerberg [Administration de l'Environnement]
"65358,85033",PM/EM/142,TITLE,PM Septfontaines [Administration de l'Environnement]
"63229,65312",PM/EM/143,TITLE,PM Soleuvre Knapp Parking [Administration de l'Environnement]
"81110,99138",PM/EM/144,TITLE,PM Stegen terrain [Administration de l'Environnement]
"73673,79699",PM/EM/145,TITLE,PM Bridel Werkollier [Administration de l'Environnement]
"74764,75856",PM/EM/146,TITLE,PM Strassen Arlon Bâtiself [Administration de l'Environnement]
"73495,76079",PM/EM/147,TITLE,PM Strassen rue des carrefours [Administration de l'Environnement]
"51696,107611",PM/EM/148,TITLE,PM Surré [Administration de l'Environnement]
"81055,107189",PM/EM/149,TITLE,PM Tandel [Administration de l'Environnement]
"80999,106641",PM/EM/150,TITLE,PM Tandel école [Administration de l'Environnement]
"70630,60294",PM/EM/151,TITLE,PM Tétange [Administration de l'Environnement]
"68585,86510",PM/EM/152,TITLE,PM Tuntange [Administration de l'Environnement]
"71243,126703",PM/EM/153,TITLE,PM Urspelt [Administration de l'Environnement]
"82752,111139",PM/EM/154,TITLE,PM Vianden [Administration de l'Environnement]
"77262,80474",PM/EM/155,TITLE,PM Walferdange mairie [Administration de l'Environnement]
"77743,80173",PM/EM/156,TITLE,PM Walferdange op den Aessen [Administration de l'Environnement]
"73278,134110",PM/EM/157,TITLE,PM Weiswampach [Administration de l'Environnement]
"72520,105809",PM/EM/158,TITLE,PM Welscheid [Administration de l'Environnement]
"72120,134979",PM/EM/159,TITLE,PM Wemperhardt [Administration de l'Environnement]
"62937,114200",PM/EM/160,TITLE,PM Wiltz rue des Charretiers [Administration de l'Environnement]
"63136,114541",PM/EM/161,TITLE,PM Wiltz Clinique [Administration de l'Environnement]
"64630,79248",PM/EM/162,TITLE,PM Winhof [Administration de l'Environnement]
"93130,63000",PM/EM/163,TITLE,PM Wintrange [Administration de l'Environnement]
"50313,99394",PM/EM/164,TITLE,PM Wolwelange [Administration de l'Environnement]
"77670,71306",PM/EM/165,TITLE,PM Howald rond point [Administration de l'Environnement]
"52361,100415",PM/EM/166,TITLE,PM Flatzbur [Administration de l'Environnement]
"72680,86034",PM/EM/167,TITLE,PM Marienthal [Administration de l'Environnement]
"77862,102506",PM/EM/168,TITLE,PM Ingeldorf [Administration de l'Environnement]
"67091,63994",PM/EM/169,TITLE,PM Esch/Azette Dupong école [Administration de l'Environnement]
"71540,115403",PM/EM/170,TITLE,PM Consthum [Administration de l'Environnement]
"64313,81940",PM/EM/171,TITLE,PM Koerich moulin [Administration de l'Environnement]
"74939,91285",PM/EM/172,TITLE,PM Merscherberg [Administration de l'Environnement]
"67334,104825",PM/EM/173,TITLE,PM Heiderscheid Fuussekaul [Administration de l'Environnement]
"57872,114192",PM/EM/174,TITLE,PM Pommerloch [Administration de l'Environnement]
"73749,112810",PM/EM/175,TITLE,PM Hoscheid [Administration de l'Environnement]
"86144,64213",PM/EM/176,TITLE,PM Altwies Huelgaass [Administration de l'Environnement]
"73261,123834",PM/EM/177,TITLE,PM Marnach Schwaarzenhiwwelstrooss [Administration de l'Environnement]
"57724,113231",PM/EM/178,TITLE,PM Berlé [Administration de l'Environnement]
"68177,120154",PM/EM/179,TITLE,PM Drauffelt [Administration de l'Environnement]
"64136,62818",PM/EM/180,TITLE,PM Esch/Alzette Rock'n'Roll bureau 10 étage [Administration de l'Environnement]
"55189,95426",PM/EM/181,TITLE,PM Roodt Redange [Administration de l'Environnement]
"78048,85566",PM/EM/182,TITLE,PM Lorentzweiler Iessen [Administration de l'Environnement]
"60564,92859",PM/EM/183,TITLE,PM Redange ALR [Administration de l'Environnement]
"70128,67068",PM/EM/184,TITLE,PM Pontpierre [Administration de l'Environnement]
"68004,78533",PM/EM/185,TITLE,PM Cap Rond point [Administration de l'Environnement]
"79810,69617",PM/EM/186,TITLE,PM Alzingen Thionville [Administration de l'Environnement]
"76611,74646",PM/EM/187,TITLE,PM Luxembourg Convict [Administration de l'Environnement]
"95749,85000",PM/EM/188,TITLE,PM Wecker Grousswiss [Administration de l'Environnement]
"89971,95165",PM/EM/189,TITLE,PM Mullerthal [Administration de l'Environnement]
"75664,90659",PM/EM/190,TITLE,PM Mersch Post [Administration de l'Environnement]
"83536,104585",PM/EM/191,TITLE,PM Bettendorf [Administration de l'Environnement]
"94159,59498",PM/EM/192,TITLE,PM Schengen Faubourg [Administration de l'Environnement]
"86088,86549",PM/EM/193,TITLE,PM Junglinster mairie [Administration de l'Environnement]
"85308,80354",PM/EM/194,TITLE,PM Oberanven [Administration de l'Environnement]
"91336,69152",PM/EM/195,TITLE,PM Bous Cité St.Jean [Administration de l'Environnement]
"87041,72252",PM/EM/196,TITLE,PM Moutfort Kinert [Administration de l'Environnement]
"85169,79265",PM/EM/197,TITLE,PM Senningen [Administration de l'Environnement]
"54490,100645",PM/EM/198,TITLE,PM Rambrouch Riesenhof [Administration de l'Environnement]
"77430,75029",PM/EM/199,TITLE,PM Luxembourg Place Clairefontaine [Administration de l'Environnement]
"56168,68416",PM/EM/200,TITLE,PM Rodange Longwy [Administration de l'Environnement]
"76521,75232",PM/EM/201,TITLE,PM Luxembourg Pl W. Churchill [Administration de l'Environnement]
"79924,114596",PM/EM/202,TITLE,PM Stolzembourg [Administration de l'Environnement]
"96427,75595",PM/EM/203,TITLE,PM Wormeldange haut [Administration de l'Environnement]
"74998,64767",PM/EM/204,TITLE,PM Bettembourg Centre [Administration de l'Environnement]
"96408,82915",PM/EM/205,TITLE,PM Grevenmacher Potaschbierg [Administration de l'Environnement]
"68451,117461",PM/EM/206,TITLE,PM Pintsch [Administration de l'Environnement]
"88622,77651",PM/EM/207,TITLE,PM Uebersyren [Administration de l'Environnement]
"68938,67964",PM/EM/208,TITLE,PM Ehlange [Administration de l'Environnement]
"68713,109146",PM/EM/209,TITLE,PM Ringel [Administration de l'Environnement]
"60528,109487",PM/EM/210,TITLE,PM Kaundorf [Administration de l'Environnement]
"66744,62405",PM/EM/211,TITLE,PM Esch Alzelle hôtel de Ville [Administration de l'Environnement]
"56565,102961",PM/EM/212,TITLE,PM Arsdorf [Administration de l'Environnement]
"77530,75203",PM/EM/213,TITLE,PM Luxembourg Sigfroi [Administration de l'Environnement]
"81518,76590",PM/EM/214,TITLE,PM Luxembourg Kalchesbruck [Administration de l'Environnement]
"58457,84421",PM/EM/215,TITLE,PM Gaichel [Administration de l'Environnement]
"75619,75082",PM/EM/216,TITLE,PM Luxembourg Gaston Diderich [Administration de l'Environnement]
"79287,71298",PM/EM/217,TITLE,PM Holleschberg [Administration de l'Environnement]
"62183,63861",PM/EM/218,TITLE,PM Belvaux Eglise [Administration de l'Environnement]
"50332,97344",PM/EM/219,TITLE,PM Perle Faubourg [Administration de l'Environnement]
"54579,106320",PM/EM/220,TITLE,PM Boulaide Busleyden [Administration de l'Environnement]
"76004,77069",PM/EM/221,TITLE,PM Luxembourg Rollingergrund [Administration de l'Environnement]
"83563,85472",PM/EM/222,TITLE,PM PArking Bourglinster [Administration de l'Environnement]
"57003,99539",PM/EM/223,TITLE,PM Mairie Rambrouch [Administration de l'Environnement]
"65789,62480",PM/EM/224,TITLE,PM Ecole Rue Sidney Thomas [Administration de l'Environnement]
"93479,66014",PM/EM/225,TITLE,PM Musée A Possen Bech-Kleinmacher [Administration de l'Environnement]
"74714,100820",PM/EM/226,TITLE,PM Ettelbruck Centre sportif [Administration de l'Environnement]
"100972,86007",PM/EM/227,TITLE,PM Mertert Fausermillen [Administration de l'Environnement]
"91292,75097",PM/EM/228,TITLE,PM Canach Mairie [Administration de l'Environnement]
"74427,83941",PM/EM/229,TITLE,PM Direndall Hôtel [Administration de l'Environnement]
"77248,81503",PM/EM/230,TITLE,PM Steinsel PIDAL [Administration de l'Environnement]
"83967,75628",PM/EM/231,TITLE,PM Sandweiler Pharmacie [Administration de l'Environnement]
"66433,105945",PM/EM/232,TITLE,PM Heiderscheid Ecole [Administration de l'Environnement]
"79483,75048",PM/EM/233,TITLE,PM Hamm Ecole primaire [Administration de l'Environnement]
"82212,68072",PM/EM/234,TITLE,PM Weiler-la-tour Ecole [Administration de l'Environnement]
"75690,70095",PM/EM/235,TITLE,PM Kockelscheuer Parking [Administration de l'Environnement]
"60010,66719",PM/EM/236,TITLE,PM Niedercorn Ecole [Administration de l'Environnement]
"68390,90688",PM/EM/237,TITLE,PM Buschdorf Ecole [Administration de l'Environnement]
"63323,108521",PM/EM/238,TITLE,PM Esch-sur-Sûre Mairie [Administration de l'Environnement]
"93028,83816",PM/EM/239,TITLE,PM Betzdorf Gare [Administration de l'Environnement]
"57594,94898",PM/EM/240,TITLE,PM Nagem Parking Eglise [Administration de l'Environnement]
"78366,118431",PM/EM/241,TITLE,PM Eisenbach Parking [Administration de l'Environnement]
"88798,104349",PM/EM/242,TITLE,PM Wallendorf Camping [Administration de l'Environnement]
"104948,94427",PM/EM/243,TITLE,PM Hinkel [Administration de l'Environnement]
"67942,96488",PM/EM/244,TITLE,PM Vichten Ecole [Administration de l'Environnement]
"70643,125272",PM/EM/245,TITLE,PM Reuler Centre scolaire [Administration de l'Environnement]
"73072,81128",PM/EM/246,TITLE,PM Kopstal Mairie [Administration de l'Environnement]
"52605,110945",PM/EM/247,TITLE,PM Harlange Ecole régionale [Administration de l'Environnement]
"59179,83229",PM/EM/248,TITLE,PM Eischen Centre sportif [Administration de l'Environnement]
"93732,72456",PM/EM/249,TITLE,PM Greiveldange Ecole [Administration de l'Environnement]
"63382,111160",PM/EM/250,TITLE,PM Büderscheid Eglise [Administration de l'Environnement]
"54180,108256",PM/EM/251,TITLE,PM Baschleiden [Administration de l'Environnement]
"83734,73597",PM/EM/252,TITLE,PM Contern ZI Weiergewan [Administration de l'Environnement]
"72789,87486",PM/EM/253,TITLE,PM Kuelbecherhaff [Administration de l'Environnement]
"76261,67462",PM/EM/254,TITLE,PM Aire de Berchem [Administration de l'Environnement]
"62040,114945",PM/EM/255,TITLE,PM Niederwiltz [Administration de l'Environnement]
"72372,73971",PM/EM/256,TITLE,PM City Concorde [Administration de l'Environnement]
"60421,69069",PM/EM/257,TITLE,PM Bascharage Hotel Gulliver [Administration de l'Environnement]
"59314,112445",PM/EM/258,TITLE,PM Nothum Schumannseck [Administration de l'Environnement]
"67478,61508",PM/EM/259,TITLE,PM Esch Bourgronn [Administration de l'Environnement]
"76685,73036",PM/EM/260,TITLE,PM Gasperich Ecole primaire [Administration de l'Environnement]
"86480,74196",PM/EM/261,TITLE,PM Oetrange Gare [Administration de l'Environnement]
"69353,89197",PM/EM/262,TITLE,PM Brouch [Administration de l'Environnement]
"74465,107059",PM/EM/263,TITLE,PM Michelau [Administration de l'Environnement]
"65898,90250",PM/EM/264,TITLE,PM Schwebach [Administration de l'Environnement]
"81297,90189",PM/EM/265,TITLE,PM Fischbach Mairie [Administration de l'Environnement]
"49372,99901",PM/EM/266,TITLE,PM Rombach-Martelange [Administration de l'Environnement]
"98343,77051",PM/EM/267,TITLE,PM Wormeldange Ahn [Administration de l'Environnement]
"87804,63463",PM/EM/268,TITLE,PM Mondorf-les-bains Place des Ville jumelées [Administration de l'Environnement]
"69380,77781",PM/EM/269,TITLE,PM Mamer Nord [Administration de l'Environnement]
"66947,92818",PM/EM/270,TITLE,PM Usuldange rue de la gare [Administration de l'Environnement]
"98175,97628",PM/EM/271,TITLE,PM Echternach Place du Marché [Administration de l'Environnement]
"70470,131937",PM/EM/272,TITLE,PM Binsfeld [Administration de l'Environnement]
"79928,91103",PM/EM/273,TITLE,PM Schoos Verainshaus [Administration de l'Environnement]
"91597,82079",PM/EM/274,TITLE,PM Banzelt [Administration de l'Environnement]
"78356,74058",PM/EM/275,TITLE,PM Luxembourg Auguste Charles [Administration de l'Environnement]
"76080,63346",PM/EM/276,TITLE,PM Bettembourg Krakelshaff [Administration de l'Environnement]
"94006,67994",PM/EM/277,TITLE,PM Remich Pl. Nico Klopp [Administration de l'Environnement]
"75763,76815",PM/EM/278,TITLE,PM Luxembourg Rue Siggy [Administration de l'Environnement]
"82911,94603",PM/EM/279,TITLE,PM Larochette Camping [Administration de l'Environnement]
"88918,61416",PM/EM/280,TITLE,PM Emerange Centre Culturel [Administration de l'Environnement]
"104657,93049",PM/EM/281,TITLE,PM Burer Millen [Administration de l'Environnement]
"77318,122585",PM/EM/282,TITLE,PM Rodershausen [Administration de l'Environnement]
"60496,67948",PM/EM/283,TITLE,PM ZI Hahneboesch [Administration de l'Environnement]
"90242,73300",PM/EM/284,TITLE,PM Canach Kikuoka Golf Club [Administration de l'Environnement]
"70114,70876",PM/EM/285,TITLE,PM Roedgen [Administration de l'Environnement]
"82368,67681",PM/EM/286,TITLE,PM Weiler-la-tour Eglise [Administration de l'Environnement]
"62067,81378",PM/EM/287,TITLE,PM Steinfort Cité de l'usine [Administration de l'Environnement]
"76731,75096",PM/EM/288,TITLE,PM Parc Monterey [Administration de l'Environnement]
"64829,90705",PM/EM/289,TITLE,PM Rippweiler [Administration de l'Environnement]
"70096,124445",PM/EM/290,TITLE,PM Clervaux Château [Administration de l'Environnement]
"78747,76428",PM/EM/291,TITLE,PM Kirchberg Coque [Administration de l'Environnement]
"81611,64579",PM/EM/292,TITLE,PM Frisange Mairie [Administration de l'Environnement]
"70552,61390",PM/EM/293,TITLE,PM Kayl Mairie [Administration de l'Environnement]
"84192,109152",PM/EM/294,TITLE,PM Bettel [Administration de l'Environnement]
"77531,74819",PM/EM/295,TITLE,PM Cité Judiciaire [Administration de l'Environnement]
"65089,105675",PM/EM/296,TITLE,PM Heiderscheid Am ale Besch [Administration de l'Environnement]
"77108,79031",PM/EM/297,TITLE,PM Beggen Centre Espace [Administration de l'Environnement]
"76931,116751",PM/EM/298,TITLE,PM Wahlhausen Centre Culturel [Administration de l'Environnement]
"99814,94792",PM/EM/299,TITLE,PM Osweiler-Est [Administration de l'Environnement]
"81014,103555",PM/EM/300,TITLE,PM Gilsdorf Eglise [Administration de l'Environnement]
"86132,88653",PM/EM/301,TITLE,PM Junglinster Belenhaff [Administration de l'Environnement]
"55670,103617",PM/EM/302,TITLE,PM Arsdorf Misaershaff [Administration de l'Environnement]
"66239,93439",PM/EM/303,TITLE,PM Schandel Ecole [Administration de l'Environnement]
"74879,71894",PM/EM/304,TITLE,PM Cessange Kohlenberg [Administration de l'Environnement]
"78629,75337",PM/EM/305,TITLE,PM Hamm Rue de Trèves [Administration de l'Environnement]
"85249,92334",PM/EM/306,TITLE,PM Heffingen Sud [Administration de l'Environnement]
"77142,84872",PM/EM/307,TITLE,PM Hunsdorf [Administration de l'Environnement]
"64440,93467",PM/EM/308,TITLE,PM Everlange [Administration de l'Environnement]
"57318,92195",PM/EM/310,TITLE,PM Ell Gaardestrooss [Administration de l'Environnement]
"73660,61861",PM/EM/311,TITLE,PM Dudelange école rue abbé Lemaire [Administration de l'Environnement]
"76075,103089",PM/EM/312,TITLE,PM Erpeldange école [Administration de l'Environnement]
"74655,76237",PM/EM/313,TITLE,PM Strassen ITM [Administration de l'Environnement]
"77377,75129",PM/EM/314,TITLE,PM Luxembourg Knuedler [Administration de l'Environnement]
"65641,64806",PM/EM/315,TITLE,PM Ehlerange Zare Ouest [Administration de l'Environnement]
"74920,117721",PM/EM/316,TITLE,PM Parc Hosingen parc écolier [Administration de l'Environnement]
"83975,65106",PM/EM/317,TITLE,PM Aspelt [Administration de l'Environnement]
"85590,66710",PM/EM/318,TITLE,PM Filsdorf [Administration de l'Environnement]
"67906,84453",PM/EM/319,TITLE,PM Roodt Septfontaines [Administration de l'Environnement]
"77763,87350",PM/EM/320,TITLE,PM Lintgen rue de Fischbach [Administration de l'Environnement]
"93389,76448",PM/EM/321,TITLE,PM Gostingen [Administration de l'Environnement]
"59041,83136",PM/EM/322,TITLE,PM Eichen [Administration de l'Environnement]
"61825,80614",PM/EM/323,TITLE,PM Steinfort Centre [Ministère de l'Environnement]
"68300,132779",PM/EM/324,TITLE,PM Drinklange [Administration de l'Environnement]
"79798,104426",PM/EM/325,TITLE,PM Diekirch Härebierg [Administration de l'Environnement]
"78629,74901",PM/EM/326,TITLE,PM Pulvermühle [Administration de l'Environnement]
"103643,86669",PM/EM/327,TITLE,PM Wasserbillig [Administration de l'Environnement]
"63153,64623",PM/EM/328,TITLE,PM Belvaux Geiselweg [Administration de l'Environnement]
"84779,81680",PM/EM/329,TITLE,PM Rameldange Beiebierg [Administration de l'Environnement]
"75837,72585",PM/EM/330,TITLE,PM 2 Cessange Kohlenberg [Administration de l'Environnement]
"61629,101949",PM/EM/331,TITLE,PM Grevels [Administration de l'Environnement]
"64817,90490",PM/EM/332,TITLE,PM Rippweiler WT [Administration de l'Environnement]
"66926,66307",PM/EM/334,TITLE,PM Mondercange école [Administration de l'Environnement]
